Peer,vendor,KPI,value
All products,Bissantz,Business benefits,8.021369244
All products,Bissantz,Project success,8.26203525
All products,Bissantz,Project length,4.555555556
All products,Bissantz,Business value,7.523955631
All products,Bissantz,Price-to-value,7.861921891
All products,Bissantz,Recommendation,7.286282306
All products,Bissantz,Vendor support,9.156343978
All products,Bissantz,Implementer support,8.7812674
All products,Bissantz,Product satisfaction,7.644710342
All products,Bissantz,Customer satisfaction,8.127383462
All products,Bissantz,Self-service,7.633209746
All products,Bissantz,Flexibility for users,4.773705259
All products,Bissantz,Ease of use,5.554158971
All products,Bissantz,Sales experience,8.08638413
All products,Bissantz,Data volume,2.387006357
All products,Bissantz,Query performance,6.007879247
All products,Bissantz,Performance satisfaction,7.206896552
All products,Bissantz,Customer experience,6.08800036
All products,Bissantz,Cloud BI,2.559843035
All products,Bissantz,Mobile BI,2.943521595
All products,Bissantz,Operational BI,2.279970216
All products,Bissantz,Visual design standards,10
All products,Bissantz,Location intelligence,6.7375
All products,Bissantz,Visual analysis,7.104584383
All products,Bissantz,Embedded BI,4.423913043
All products,Bissantz,Innovation,5.14990461
All products,Bissantz,Considered for purchase,4.239010989
All products,Bissantz,Competitive win rate,4.576676368
All products,Bissantz,Competitiveness,4.441610216
All products,BOARD,Business benefits,6.748351509
All products,BOARD,Project success,6.371399439
All products,BOARD,Project length,4.827777778
All products,BOARD,Business value,6.302605197
All products,BOARD,Price-to-value,7.545858171
All products,BOARD,Recommendation,6.89860835
All products,BOARD,Vendor support,7.344789821
All products,BOARD,Implementer support,7.768465174
All products,BOARD,Product satisfaction,4.76096111
All products,BOARD,Customer satisfaction,6.942036565
All products,BOARD,Self-service,6.925317797
All products,BOARD,Flexibility for users,8.696748554
All products,BOARD,Ease of use,6.745032043
All products,BOARD,Sales experience,6.231740307
All products,BOARD,Data volume,1.215776565
All products,BOARD,Query performance,4.810351068
All products,BOARD,Performance satisfaction,5.819845179
All products,BOARD,Customer experience,6.361726608
All products,BOARD,Cloud BI,2.559843035
All products,BOARD,Mobile BI,2.58002736
All products,BOARD,Operational BI,5.656662665
All products,BOARD,Visual design standards,5.1625
All products,BOARD,Location intelligence,2.627659574
All products,BOARD,Visual analysis,7.250027379
All products,BOARD,Embedded BI,1.894886364
All products,BOARD,Innovation,3.961658054
All products,BOARD,Considered for purchase,4.263736264
All products,BOARD,Competitive win rate,1.843941457
All products,BOARD,Competitiveness,2.81185938
All products,CALUMO,Business benefits,7.95166583
All products,CALUMO,Project success,5.645070672
All products,CALUMO,Project length,6.37037037
All products,CALUMO,Business value,6.919251534
All products,CALUMO,Price-to-value,9.535200411
All products,CALUMO,Recommendation,7.151783178
All products,CALUMO,Vendor support,8.394524078
All products,CALUMO,Implementer support,8.684438482
All products,CALUMO,Product satisfaction,8.463215259
All products,CALUMO,Customer satisfaction,8.357878706
All products,CALUMO,Self-service,5.852754237
All products,CALUMO,Flexibility for users,4.553087879
All products,CALUMO,Ease of use,5.936537914
All products,CALUMO,Sales experience,8.076645627
All products,CALUMO,Data volume,2.454577306
All products,CALUMO,Query performance,5.100579076
All products,CALUMO,Performance satisfaction,7.976011994
All products,CALUMO,Customer experience,5.698214803
All products,CALUMO,Cloud BI,9.585611511
All products,CALUMO,Mobile BI,6.446131941
All products,CALUMO,Operational BI,7.857729138
All products,CALUMO,Visual design standards,2.289032258
All products,CALUMO,Location intelligence,2.240540541
All products,CALUMO,Visual analysis,5.100125945
All products,CALUMO,Embedded BI,7.369485294
All products,CALUMO,Innovation,5.841236661
All products,CALUMO,Considered for purchase,1.346153846
All products,CALUMO,Competitive win rate,9.309375747
All products,CALUMO,Competitiveness,6.124086987
All products,Chartio,Business benefits,7.785664469
All products,Chartio,Project success,5.407086413
All products,Chartio,Project length,10
All products,Chartio,Business value,7.361861039
All products,Chartio,Price-to-value,8.620594768
All products,Chartio,Recommendation,6.874378728
All products,Chartio,Vendor support,7.589914933
All products,Chartio,Implementer support,7.156763196
All products,Chartio,Product satisfaction,2.672829895
All products,Chartio,Customer satisfaction,6.655008747
All products,Chartio,Self-service,9.284957627
All products,Chartio,Flexibility for users,5.585565933
All products,Chartio,Ease of use,6.691202726
All products,Chartio,Sales experience,8.125338142
All products,Chartio,Data volume,2.309782414
All products,Chartio,Query performance,2.027099746
All products,Chartio,Performance satisfaction,5.470643057
All products,Chartio,Customer experience,5.958898735
All products,Chartio,Cloud BI,9.378417266
All products,Chartio,Mobile BI,5.964221825
All products,Chartio,Operational BI,9.092436975
All products,Chartio,Visual design standards,3.296551724
All products,Chartio,Location intelligence,4.165517241
All products,Chartio,Visual analysis,8.418765743
All products,Chartio,Embedded BI,6.537109375
All products,Chartio,Innovation,6.693288593
All products,Chartio,Considered for purchase,1.692307692
All products,Chartio,Competitive win rate,4.829042639
All products,Chartio,Competitiveness,3.57434866
All products,Cubeware,Business benefits,6.634679443
All products,Cubeware,Project success,6.118413794
All products,Cubeware,Project length,3.763636364
All products,Cubeware,Business value,5.984083714
All products,Cubeware,Price-to-value,8.262716291
All products,Cubeware,Recommendation,4.236966262
All products,Cubeware,Vendor support,6.040091646
All products,Cubeware,Implementer support,6.399732453
All products,Cubeware,Product satisfaction,3.852861035
All products,Cubeware,Customer satisfaction,5.685119508
All products,Cubeware,Self-service,7.220272775
All products,Cubeware,Flexibility for users,5.780411201
All products,Cubeware,Ease of use,4.524143093
All products,Cubeware,Sales experience,6.324874404
All products,Cubeware,Data volume,1.966564893
All products,Cubeware,Query performance,5.533608703
All products,Cubeware,Performance satisfaction,4.639498433
All products,Cubeware,Customer experience,5.477713692
All products,Cubeware,Cloud BI,1
All products,Cubeware,Mobile BI,2.952447067
All products,Cubeware,Operational BI,2.739495798
All products,Cubeware,Visual design standards,5.918153846
All products,Cubeware,Location intelligence,2.647692308
All products,Cubeware,Visual analysis,4.853904282
All products,Cubeware,Embedded BI,3.953125
All products,Cubeware,Innovation,3.437831186
All products,Cubeware,Considered for purchase,3.991758242
All products,Cubeware,Competitive win rate,2.681415929
All products,Cubeware,Competitiveness,3.205552854
All products,cubus,Business benefits,8.058901851
All products,cubus,Project success,9.167410145
All products,cubus,Project length,6.101075269
All products,cubus,Business value,8.102100186
All products,cubus,Price-to-value,10
All products,cubus,Recommendation,8.93389662
All products,cubus,Vendor support,10
All products,cubus,Implementer support,10
All products,cubus,Product satisfaction,7.925340599
All products,cubus,Customer satisfaction,9.387697588
All products,cubus,Self-service,7.896934197
All products,cubus,Flexibility for users,9.743422359
All products,cubus,Ease of use,6.342335039
All products,cubus,Sales experience,9.496138315
All products,cubus,Data volume,1.608331605
All products,cubus,Query performance,6.448338834
All products,cubus,Performance satisfaction,8.448275862
All products,cubus,Customer experience,7.607388504
All products,cubus,Cloud BI,2.618705036
All products,cubus,Mobile BI,1.813953488
All products,cubus,Operational BI,2.877005348
All products,cubus,Visual design standards,4.437419355
All products,cubus,Location intelligence,3.7
All products,cubus,Visual analysis,3.565255038
All products,cubus,Embedded BI,3.625
All products,cubus,Innovation,3.233905466
All products,cubus,Considered for purchase,1.593406593
All products,cubus,Competitive win rate,6.828908555
All products,cubus,Competitiveness,4.73470777
All products,CXO-Cockpit,Business benefits,2.743316044
All products,CXO-Cockpit,Project success,8.792604409
All products,CXO-Cockpit,Project length,8.475555556
All products,CXO-Cockpit,Business value,5.715118751
All products,CXO-Cockpit,Price-to-value,7.843329908
All products,CXO-Cockpit,Recommendation,8.03036619
All products,CXO-Cockpit,Vendor support,9.163399644
All products,CXO-Cockpit,Implementer support,9.50285726
All products,CXO-Cockpit,Product satisfaction,9.077929155
All products,CXO-Cockpit,Customer satisfaction,8.73074898
All products,CXO-Cockpit,Self-service,5.194915254
All products,CXO-Cockpit,Flexibility for users,5.87037326
All products,CXO-Cockpit,Ease of use,10
All products,CXO-Cockpit,Sales experience,7.889990983
All products,CXO-Cockpit,Data volume,1.463536714
All products,CXO-Cockpit,Query performance,5.67514576
All products,CXO-Cockpit,Performance satisfaction,6.996662959
All products,CXO-Cockpit,Customer experience,6.278072191
All products,CXO-Cockpit,Cloud BI,3.162589928
All products,CXO-Cockpit,Mobile BI,10
All products,CXO-Cockpit,Operational BI,2.113590264
All products,CXO-Cockpit,Visual design standards,5.7952
All products,CXO-Cockpit,Location intelligence,1.566666667
All products,CXO-Cockpit,Visual analysis,7.821410579
All products,CXO-Cockpit,Embedded BI,4.28125
All products,CXO-Cockpit,Innovation,4.962958205
All products,CXO-Cockpit,Considered for purchase,1.346153846
All products,CXO-Cockpit,Competitive win rate,7.256097561
All products,CXO-Cockpit,Competitiveness,4.892120075
All products,Cyberscience,Business benefits,4.4279974
All products,Cyberscience,Project success,6.99149248
All products,Cyberscience,Project length,9.782222222
All products,Cyberscience,Business value,6.174866564
All products,Cyberscience,Price-to-value,8.620594768
All products,Cyberscience,Recommendation,6.132952286
All products,Cyberscience,Vendor support,8.492689272
All products,Cyberscience,Implementer support,7.161583683
All products,Cyberscience,Product satisfaction,7.799603666
All products,Cyberscience,Customer satisfaction,7.475781943
All products,Cyberscience,Self-service,5.374697337
All products,Cyberscience,Flexibility for users,5.382682099
All products,Cyberscience,Ease of use,7.166239132
All products,Cyberscience,Sales experience,8.344454463
All products,Cyberscience,Data volume,2.567195555
All products,Cyberscience,Query performance,3.104518699
All products,Cyberscience,Performance satisfaction,10
All products,Cyberscience,Customer experience,5.980378856
All products,Cyberscience,Cloud BI,1.390721905
All products,Cyberscience,Mobile BI,2.812251843
All products,Cyberscience,Operational BI,8.626391097
All products,Cyberscience,Visual design standards,1.444
All products,Cyberscience,Location intelligence,1
All products,Cyberscience,Visual analysis,5.431989924
All products,Cyberscience,Embedded BI,3.4609375
All products,Cyberscience,Innovation,3.452327467
All products,Cyberscience,Considered for purchase,1.197802198
All products,Cyberscience,Competitive win rate,6.451667801
All products,Cyberscience,Competitiveness,4.35012156
All products,DigDash,Business benefits,5.937371212
All products,DigDash,Project success,7.767851453
All products,DigDash,Project length,9.183333333
All products,DigDash,Business value,7.088524979
All products,DigDash,Price-to-value,8.180784405
All products,DigDash,Recommendation,8.419017147
All products,DigDash,Vendor support,7.510873537
All products,DigDash,Implementer support,4.823840185
All products,DigDash,Product satisfaction,3.948910082
All products,DigDash,Customer satisfaction,6.584142337
All products,DigDash,Self-service,2.048728814
All products,DigDash,Flexibility for users,5.853531452
All products,DigDash,Ease of use,7.564901201
All products,DigDash,Sales experience,7.760144274
All products,DigDash,Data volume,1.148205616
All products,DigDash,Query performance,5.040440314
All products,DigDash,Performance satisfaction,8.75862069
All products,DigDash,Customer experience,5.381646793
All products,DigDash,Cloud BI,4.992805755
All products,DigDash,Mobile BI,4.139534884
All products,DigDash,Operational BI,6.823529412
All products,DigDash,Visual design standards,2.0656
All products,DigDash,Location intelligence,5.371428571
All products,DigDash,Visual analysis,8.219647355
All products,DigDash,Embedded BI,4.028846154
All products,DigDash,Innovation,5.091627447
All products,DigDash,Considered for purchase,1.173076923
All products,DigDash,Competitive win rate,8.440265487
All products,DigDash,Competitiveness,5.533390061
All products,Dimensional Insight,Business benefits,8.429486966
All products,Dimensional Insight,Project success,7.221648309
All products,Dimensional Insight,Project length,6.733333333
All products,Dimensional Insight,Business value,7.744181808
All products,Dimensional Insight,Price-to-value,9.17368962
All products,Dimensional Insight,Recommendation,9.020613163
All products,Dimensional Insight,Vendor support,9.287382309
All products,Dimensional Insight,Implementer support,9.118701507
All products,Dimensional Insight,Product satisfaction,8.616893733
All products,Dimensional Insight,Customer satisfaction,9.047822945
All products,Dimensional Insight,Self-service,5.120887338
All products,Dimensional Insight,Flexibility for users,6.625641522
All products,Dimensional Insight,Ease of use,5.253681372
All products,Dimensional Insight,Sales experience,9.483859333
All products,Dimensional Insight,Data volume,4.369087542
All products,Dimensional Insight,Query performance,6.336775559
All products,Dimensional Insight,Performance satisfaction,7.98695247
All products,Dimensional Insight,Customer experience,6.303382304
All products,Dimensional Insight,Cloud BI,3.349733117
All products,Dimensional Insight,Mobile BI,3.919216646
All products,Dimensional Insight,Operational BI,5.323529412
All products,Dimensional Insight,Visual design standards,3.378571429
All products,Dimensional Insight,Location intelligence,4.346875
All products,Dimensional Insight,Visual analysis,7.540302267
All products,Dimensional Insight,Embedded BI,2.514423077
All products,Dimensional Insight,Innovation,4.338950135
All products,Dimensional Insight,Considered for purchase,1
All products,Dimensional Insight,Competitive win rate,8.930678466
All products,Dimensional Insight,Competitiveness,5.75840708
All products,Domo,Business benefits,9.319997464
All products,Domo,Project success,5.914096355
All products,Domo,Project length,6.266666667
All products,Domo,Business value,7.675808628
All products,Domo,Price-to-value,8.672001175
All products,Domo,Recommendation,8.463149673
All products,Domo,Vendor support,7.928212106
All products,Domo,Implementer support,6.621689111
All products,Domo,Product satisfaction,3.948910082
All products,Domo,Customer satisfaction,7.19606359
All products,Domo,Self-service,8.19589309
All products,Domo,Flexibility for users,4.372988865
All products,Domo,Ease of use,8.112322929
All products,Domo,Sales experience,9.383228133
All products,Domo,Data volume,8.198108013
All products,Domo,Query performance,7.757858231
All products,Domo,Performance satisfaction,9.379310345
All products,Domo,Customer experience,7.556211787
All products,Domo,Cloud BI,10
All products,Domo,Mobile BI,9.497674419
All products,Domo,Operational BI,10
All products,Domo,Visual design standards,3.804210526
All products,Domo,Location intelligence,6.32173913
All products,Domo,Visual analysis,8.648517729
All products,Domo,Embedded BI,4.15
All products,Domo,Innovation,7.488877401
All products,Domo,Considered for purchase,2.706043956
All products,Domo,Competitive win rate,1
All products,Domo,Competitiveness,1.682417582
All products,Dundas,Business benefits,5.290496721
All products,Dundas,Project success,7.145406212
All products,Dundas,Project length,6.944086022
All products,Dundas,Business value,6.184398102
All products,Dundas,Price-to-value,8.380698206
All products,Dundas,Recommendation,5.497443908
All products,Dundas,Vendor support,7.925231116
All products,Dundas,Implementer support,8.286364042
All products,Dundas,Product satisfaction,9.538964578
All products,Dundas,Customer satisfaction,7.753434304
All products,Dundas,Self-service,1.599273608
All products,Dundas,Flexibility for users,8.382721669
All products,Dundas,Ease of use,6.47012226
All products,Dundas,Sales experience,8.874661858
All products,Dundas,Data volume,1.550413649
All products,Dundas,Query performance,4.716078391
All products,Dundas,Performance satisfaction,10
All products,Dundas,Customer experience,5.910247331
All products,Dundas,Cloud BI,3.187704382
All products,Dundas,Mobile BI,3.302325581
All products,Dundas,Operational BI,7.731092437
All products,Dundas,Visual design standards,4.632727273
All products,Dundas,Location intelligence,2.8
All products,Dundas,Visual analysis,8.750629723
All products,Dundas,Embedded BI,8.734375
All products,Dundas,Innovation,5.591264914
All products,Dundas,Considered for purchase,2.087912088
All products,Dundas,Competitive win rate,5.287610619
All products,Dundas,Competitiveness,4.007731207
All products,Entrinsik,Business benefits,5.152583802
All products,Entrinsik,Project success,6.246275282
All products,Entrinsik,Project length,6.422222222
All products,Entrinsik,Business value,5.728754032
All products,Entrinsik,Price-to-value,9.56486847
All products,Entrinsik,Recommendation,7.343096593
All products,Entrinsik,Vendor support,8.061223521
All products,Entrinsik,Implementer support,6.444596033
All products,Entrinsik,Product satisfaction,5.554301285
All products,Entrinsik,Customer satisfaction,7.310322036
All products,Entrinsik,Self-service,9.713983051
All products,Entrinsik,Flexibility for users,5.091026367
All products,Entrinsik,Ease of use,8.45376318
All products,Entrinsik,Sales experience,9.967538323
All products,Entrinsik,Data volume,1.639221182
All products,Entrinsik,Query performance,1.168240259
All products,Entrinsik,Performance satisfaction,7.931034483
All products,Entrinsik,Customer experience,6.509133114
All products,Entrinsik,Cloud BI,2.312003029
All products,Entrinsik,Mobile BI,1.974338412
All products,Entrinsik,Operational BI,9.841176471
All products,Entrinsik,Visual design standards,2.776
All products,Entrinsik,Location intelligence,1.987096774
All products,Entrinsik,Visual analysis,6.239226632
All products,Entrinsik,Embedded BI,10
All products,Entrinsik,Innovation,5.01854876
All products,Entrinsik,Considered for purchase,1.593406593
All products,Entrinsik,Competitive win rate,10
All products,Entrinsik,Competitiveness,6.637362637
All products,Envision,Business benefits,5.365937262
All products,Envision,Project success,6.896428116
All products,Envision,Project length,9.246153846
All products,Envision,Business value,6.522803644
All products,Envision,Price-to-value,9.203200705
All products,Envision,Recommendation,8.419017147
All products,Envision,Vendor support,9.255580609
All products,Envision,Implementer support,8.573376961
All products,Envision,Product satisfaction,10
All products,Envision,Customer satisfaction,8.991228746
All products,Envision,Self-service,4.565677966
All products,Envision,Flexibility for users,7.644719324
All products,Envision,Ease of use,5.670420454
All products,Envision,Sales experience,10
All products,Envision,Data volume,1.231864887
All products,Envision,Query performance,6.695804612
All products,Envision,Performance satisfaction,10
All products,Envision,Customer experience,6.613964778
All products,Envision,Cloud BI,8.645268401
All products,Envision,Mobile BI,4.139534884
All products,Envision,Operational BI,6.352941176
All products,Envision,Visual design standards,3.664
All products,Envision,Location intelligence,4.966666667
All products,Envision,Visual analysis,6.626700252
All products,Envision,Embedded BI,8.5
All products,Envision,Innovation,6.127873054
All products,Envision,Considered for purchase,1.222527473
All products,Envision,Competitive win rate,2.306918745
All products,Envision,Competitiveness,1.873162236
All products,IBM Cog Analytics,Business benefits,3.658627376
All products,IBM Cog Analytics,Project success,2.550385238
All products,IBM Cog Analytics,Project length,1.793495935
All products,IBM Cog Analytics,Business value,2.97835809
All products,IBM Cog Analytics,Price-to-value,3.532906112
All products,IBM Cog Analytics,Recommendation,3.353267492
All products,IBM Cog Analytics,Vendor support,3.204171364
All products,IBM Cog Analytics,Implementer support,3.625274235
All products,IBM Cog Analytics,Product satisfaction,1.905979243
All products,IBM Cog Analytics,Customer satisfaction,3.185144885
All products,IBM Cog Analytics,Self-service,7.158688769
All products,IBM Cog Analytics,Flexibility for users,1.27819064
All products,IBM Cog Analytics,Ease of use,3.026973148
All products,IBM Cog Analytics,Sales experience,3.33080439
All products,IBM Cog Analytics,Data volume,7.747635017
All products,IBM Cog Analytics,Query performance,2.410821591
All products,IBM Cog Analytics,Performance satisfaction,4.07523511
All products,IBM Cog Analytics,Customer experience,3.958224095
All products,IBM Cog Analytics,Cloud BI,1.895048667
All products,IBM Cog Analytics,Mobile BI,4.094523631
All products,IBM Cog Analytics,Operational BI,4
All products,IBM Cog Analytics,Visual design standards,4.290823529
All products,IBM Cog Analytics,Location intelligence,3.462068966
All products,IBM Cog Analytics,Visual analysis,5.647901429
All products,IBM Cog Analytics,Embedded BI,6.833333333
All products,IBM Cog Analytics,Innovation,4.317671365
All products,IBM Cog Analytics,Considered for purchase,9.258241758
All products,IBM Cog Analytics,Competitive win rate,1.676599288
All products,IBM Cog Analytics,Competitiveness,4.709256276
All products,IBM Plan Analytics,Business benefits,7.178762205
All products,IBM Plan Analytics,Project success,6.73798751
All products,IBM Plan Analytics,Project length,4.220512821
All products,IBM Plan Analytics,Business value,6.538795743
All products,IBM Plan Analytics,Price-to-value,6.016003524
All products,IBM Plan Analytics,Recommendation,6.25652336
All products,IBM Plan Analytics,Vendor support,5.632849979
All products,IBM Plan Analytics,Implementer support,7.287559083
All products,IBM Plan Analytics,Product satisfaction,4.946342486
All products,IBM Plan Analytics,Customer satisfaction,6.151886609
All products,IBM Plan Analytics,Self-service,4.891145529
All products,IBM Plan Analytics,Flexibility for users,8.198967518
All products,IBM Plan Analytics,Ease of use,4.434834393
All products,IBM Plan Analytics,Sales experience,6.802524797
All products,IBM Plan Analytics,Data volume,1.486060363
All products,IBM Plan Analytics,Query performance,6.158101194
All products,IBM Plan Analytics,Performance satisfaction,8.137931034
All products,IBM Plan Analytics,Customer experience,6.07290411
All products,IBM Plan Analytics,Cloud BI,2.748201439
All products,IBM Plan Analytics,Mobile BI,1
All products,IBM Plan Analytics,Operational BI,2.914027149
All products,IBM Plan Analytics,Visual design standards,5.44
All products,IBM Plan Analytics,Location intelligence,1.51
All products,IBM Plan Analytics,Visual analysis,4.325776658
All products,IBM Plan Analytics,Embedded BI,2.640625
All products,IBM Plan Analytics,Innovation,2.939804321
All products,IBM Plan Analytics,Considered for purchase,7.848901099
All products,IBM Plan Analytics,Competitive win rate,2.657632743
All products,IBM Plan Analytics,Competitiveness,4.734140086
All products,Infor,Business benefits,5.27047933
All products,Infor,Project success,6.083099669
All products,Infor,Project length,2.430894309
All products,Infor,Business value,5.068088606
All products,Infor,Price-to-value,6.736073998
All products,Infor,Recommendation,2.013916501
All products,Infor,Vendor support,5.7091924
All products,Infor,Implementer support,6.756662754
All products,Infor,Product satisfaction,2.796321526
All products,Infor,Customer satisfaction,4.732909468
All products,Infor,Self-service,7.139830508
All products,Infor,Flexibility for users,6.010562961
All products,Infor,Ease of use,4.789089947
All products,Infor,Sales experience,3.725621538
All products,Infor,Data volume,1.666249562
All products,Infor,Query performance,4.254142273
All products,Infor,Performance satisfaction,5.344827586
All products,Infor,Customer experience,5.258512223
All products,Infor,Cloud BI,1.181610809
All products,Infor,Mobile BI,2.186046512
All products,Infor,Operational BI,2.997326203
All products,Infor,Visual design standards,4.935454545
All products,Infor,Location intelligence,2.043181818
All products,Infor,Visual analysis,2.587441526
All products,Infor,Embedded BI,3.072368421
All products,Infor,Innovation,2.714775691
All products,Infor,Considered for purchase,3.472527473
All products,Infor,Competitive win rate,2.967256637
All products,Infor,Competitiveness,3.169364971
All products,Information Builders,Business benefits,7.122633897
All products,Information Builders,Project success,6.113827544
All products,Information Builders,Project length,2.619753086
All products,Information Builders,Business value,6.035884977
All products,Information Builders,Price-to-value,6.901336074
All products,Information Builders,Recommendation,5.788451112
All products,Information Builders,Vendor support,7.620477606
All products,Information Builders,Implementer support,7.104981833
All products,Information Builders,Product satisfaction,2.261191125
All products,Information Builders,Customer satisfaction,6.020525704
All products,Information Builders,Self-service,6.335407839
All products,Information Builders,Flexibility for users,7.817182225
All products,Information Builders,Ease of use,4.542592307
All products,Information Builders,Sales experience,8.986049966
All products,Information Builders,Data volume,8.423344512
All products,Information Builders,Query performance,7.034094014
All products,Information Builders,Performance satisfaction,6.50862069
All products,Information Builders,Customer experience,6.859841335
All products,Information Builders,Cloud BI,2.057553957
All products,Information Builders,Mobile BI,5.534883721
All products,Information Builders,Operational BI,9.404411765
All products,Information Builders,Visual design standards,2.48
All products,Information Builders,Location intelligence,5.08
All products,Information Builders,Visual analysis,5.8302267
All products,Information Builders,Embedded BI,7.788793103
All products,Information Builders,Innovation,5.453695607
All products,Information Builders,Considered for purchase,2.681318681
All products,Information Builders,Competitive win rate,2.052158756
All products,Information Builders,Competitiveness,2.303822726
All products,Jedox,Business benefits,6.029197312
All products,Jedox,Project success,7.837751721
All products,Jedox,Project length,7.88627451
All products,Jedox,Business value,6.941561648
All products,Jedox,Price-to-value,9.154909838
All products,Jedox,Recommendation,5.929423459
All products,Jedox,Vendor support,8.652417269
All products,Jedox,Implementer support,9.018821011
All products,Jedox,Product satisfaction,8.847411444
All products,Jedox,Customer satisfaction,8.179517543
All products,Jedox,Self-service,6.231306082
All products,Jedox,Flexibility for users,8.41219681
All products,Jedox,Ease of use,6.360182294
All products,Jedox,Sales experience,7.200180343
All products,Jedox,Data volume,1.04073563
All products,Jedox,Query performance,8.26292517
All products,Jedox,Performance satisfaction,8.904665314
All products,Jedox,Customer experience,7.087640729
All products,Jedox,Cloud BI,4.332628015
All products,Jedox,Mobile BI,2.908344733
All products,Jedox,Operational BI,3.839572193
All products,Jedox,Visual design standards,5.036363636
All products,Jedox,Location intelligence,2.854545455
All products,Jedox,Visual analysis,2.342221836
All products,Jedox,Embedded BI,3.109375
All products,Jedox,Innovation,3.489007267
All products,Jedox,Considered for purchase,3.793956044
All products,Jedox,Competitive win rate,1.895176368
All products,Jedox,Competitiveness,2.654688238
All products,Longview Analytics,Business benefits,6.399800886
All products,Longview Analytics,Project success,7.877411447
All products,Longview Analytics,Project length,3.55042735
All products,Longview Analytics,Business value,6.41744215
All products,Longview Analytics,Price-to-value,7.868723836
All products,Longview Analytics,Recommendation,5.954168605
All products,Longview Analytics,Vendor support,6.420892692
All products,Longview Analytics,Implementer support,7.662110943
All products,Longview Analytics,Product satisfaction,6.695912807
All products,Longview Analytics,Customer satisfaction,6.90165811
All products,Longview Analytics,Self-service,1
All products,Longview Analytics,Flexibility for users,9.485970318
All products,Longview Analytics,Ease of use,5.819069789
All products,Longview Analytics,Sales experience,4.841544389
All products,Longview Analytics,Data volume,6.058361279
All products,Longview Analytics,Query performance,9.844500097
All products,Longview Analytics,Performance satisfaction,8.785607196
All products,Longview Analytics,Customer experience,6.518297913
All products,Longview Analytics,Cloud BI,2.517985612
All products,Longview Analytics,Mobile BI,4.941118258
All products,Longview Analytics,Operational BI,7.176470588
All products,Longview Analytics,Visual design standards,9.584
All products,Longview Analytics,Location intelligence,2.423255814
All products,Longview Analytics,Visual analysis,5.16046485
All products,Longview Analytics,Embedded BI,2.920731707
All products,Longview Analytics,Innovation,4.960575261
All products,Longview Analytics,Considered for purchase,2.434065934
All products,Longview Analytics,Competitive win rate,6.789549567
All products,Longview Analytics,Competitiveness,5.047356114
All products,MS Excel,Business benefits,3.339870553
All products,MS Excel,Project success,4.250687027
All products,MS Excel,Project length,7.183908046
All products,MS Excel,Business value,4.28414896
All products,MS Excel,Price-to-value,9.007495615
All products,MS Excel,Recommendation,5.43553746
All products,MS Excel,Vendor support,4.448072153
All products,MS Excel,Implementer support,3.492100241
All products,MS Excel,Product satisfaction,2.821998004
All products,MS Excel,Customer satisfaction,4.944837054
All products,MS Excel,Self-service,6.943330314
All products,MS Excel,Flexibility for users,5.418828631
All products,MS Excel,Ease of use,5.6597703
All products,MS Excel,Sales experience,1.657348963
All products,MS Excel,Data volume,1.463536714
All products,MS Excel,Query performance,3.426018068
All products,MS Excel,Performance satisfaction,6.9408867
All products,MS Excel,Customer experience,5.161479475
All products,MS Excel,Cloud BI,3.784172662
All products,MS Excel,Mobile BI,2.997885835
All products,MS Excel,Operational BI,4.028235294
All products,MS Excel,Visual design standards,4.511636364
All products,MS Excel,Location intelligence,3.736585366
All products,MS Excel,Visual analysis,6.626700252
All products,MS Excel,Embedded BI,7.625600962
All products,MS Excel,Innovation,4.758688105
All products,MS Excel,Considered for purchase,9.505494505
All products,MS Excel,Competitive win rate,5.098633037
All products,MS Excel,Competitiveness,6.861377624
All products,MS Power BI,Business benefits,7.114044282
All products,MS Power BI,Project success,5.74664353
All products,MS Power BI,Project length,7.738461538
All products,MS Power BI,Business value,6.762313574
All products,MS Power BI,Price-to-value,9.821230927
All products,MS Power BI,Recommendation,6.953736298
All products,MS Power BI,Vendor support,6.177708665
All products,MS Power BI,Implementer support,7.156763196
All products,MS Power BI,Product satisfaction,5.417757693
All products,MS Power BI,Customer satisfaction,7.097074421
All products,MS Power BI,Self-service,6.380785528
All products,MS Power BI,Flexibility for users,3.695334922
All products,MS Power BI,Ease of use,6.001259824
All products,MS Power BI,Sales experience,6.551684564
All products,MS Power BI,Data volume,1.113396339
All products,MS Power BI,Query performance,5.174438649
All products,MS Power BI,Performance satisfaction,9.457649816
All products,MS Power BI,Customer experience,5.654295631
All products,MS Power BI,Cloud BI,9.182127982
All products,MS Power BI,Mobile BI,8.70962236
All products,MS Power BI,Operational BI,4.559114735
All products,MS Power BI,Visual design standards,4.647142857
All products,MS Power BI,Location intelligence,6.362886598
All products,MS Power BI,Visual analysis,8.29929471
All products,MS Power BI,Embedded BI,4.979388298
All products,MS Power BI,Innovation,6.677082506
All products,MS Power BI,Considered for purchase,9.381868132
All products,MS Power BI,Competitive win rate,3.696793964
All products,MS Power BI,Competitiveness,5.970823631
All products,MS SSRS,Business benefits,5.106336727
All products,MS SSRS,Project success,5.737045264
All products,MS SSRS,Project length,4.797530864
All products,MS SSRS,Business value,5.265105262
All products,MS SSRS,Price-to-value,8.998893193
All products,MS SSRS,Recommendation,6.030957114
All products,MS SSRS,Vendor support,5.990664296
All products,MS SSRS,Implementer support,5.156775172
All products,MS SSRS,Product satisfaction,2.53323066
All products,MS SSRS,Customer satisfaction,5.717397763
All products,MS SSRS,Self-service,2.434390377
All products,MS SSRS,Flexibility for users,2.062373768
All products,MS SSRS,Ease of use,4.749727419
All products,MS SSRS,Sales experience,7.370604148
All products,MS SSRS,Data volume,5.495270034
All products,MS SSRS,Query performance,6.373957421
All products,MS SSRS,Performance satisfaction,5.826397146
All products,MS SSRS,Customer experience,4.304023613
All products,MS SSRS,Cloud BI,2.012996055
All products,MS SSRS,Mobile BI,2.877076412
All products,MS SSRS,Operational BI,6.029411765
All products,MS SSRS,Visual design standards,4.108
All products,MS SSRS,Location intelligence,2.974193548
All products,MS SSRS,Visual analysis,5.735729838
All products,MS SSRS,Embedded BI,6.526315789
All products,MS SSRS,Innovation,4.323389058
All products,MS SSRS,Considered for purchase,9.184065934
All products,MS SSRS,Competitive win rate,5.062866906
All products,MS SSRS,Competitiveness,6.711346517
All products,MicroStrategy,Business benefits,7.852494985
All products,MicroStrategy,Project success,6.01124796
All products,MicroStrategy,Project length,3.215384615
All products,MicroStrategy,Business value,6.465894248
All products,MicroStrategy,Price-to-value,5.802343268
All products,MicroStrategy,Recommendation,6.319418816
All products,MicroStrategy,Vendor support,5.933905562
All products,MicroStrategy,Implementer support,5.146943535
All products,MicroStrategy,Product satisfaction,3.220067318
All products,MicroStrategy,Customer satisfaction,5.359309946
All products,MicroStrategy,Self-service,9.110169492
All products,MicroStrategy,Flexibility for users,3.853014952
All products,MicroStrategy,Ease of use,4.346793647
All products,MicroStrategy,Sales experience,6.471491182
All products,MicroStrategy,Data volume,9.549527003
All products,MicroStrategy,Query performance,3.937549584
All products,MicroStrategy,Performance satisfaction,7.774886142
All products,MicroStrategy,Customer experience,6.216359305
All products,MicroStrategy,Cloud BI,2.849625195
All products,MicroStrategy,Mobile BI,7.115158308
All products,MicroStrategy,Operational BI,5.832146871
All products,MicroStrategy,Visual design standards,6.668085106
All products,MicroStrategy,Location intelligence,6.1
All products,MicroStrategy,Visual analysis,7.373394207
All products,MicroStrategy,Embedded BI,6.60546875
All products,MicroStrategy,Innovation,6.07769692
All products,MicroStrategy,Considered for purchase,8.862637363
All products,MicroStrategy,Competitive win rate,4.16436965
All products,MicroStrategy,Competitiveness,6.043676735
All products,Oracle BI,Business benefits,6.029138437
All products,Oracle BI,Project success,2.509886748
All products,Oracle BI,Project length,1.886021505
All products,Oracle BI,Business value,4.165535052
All products,Oracle BI,Price-to-value,4.190005139
All products,Oracle BI,Recommendation,2.390514059
All products,Oracle BI,Vendor support,3.075628357
All products,Oracle BI,Implementer support,3.732988495
All products,Oracle BI,Product satisfaction,3.084468665
All products,Oracle BI,Customer satisfaction,3.255892665
All products,Oracle BI,Self-service,8.105137712
All products,Oracle BI,Flexibility for users,3.205339409
All products,Oracle BI,Ease of use,4.242759707
All products,Oracle BI,Sales experience,3.920391601
All products,Oracle BI,Data volume,7.466089394
All products,Oracle BI,Query performance,5.926145463
All products,Oracle BI,Performance satisfaction,8.307210031
All products,Oracle BI,Customer experience,5.876438769
All products,Oracle BI,Cloud BI,2.681364586
All products,Oracle BI,Mobile BI,1.867109635
All products,Oracle BI,Operational BI,7.915441176
All products,Oracle BI,Visual design standards,2.776
All products,Oracle BI,Location intelligence,3.961290323
All products,Oracle BI,Visual analysis,4.468513854
All products,Oracle BI,Embedded BI,2.514423077
All products,Oracle BI,Innovation,3.740591807
All products,Oracle BI,Considered for purchase,6.85989011
All products,Oracle BI,Competitive win rate,1.796914432
All products,Oracle BI,Competitiveness,3.822104703
All products,Phocas,Business benefits,10
All products,Phocas,Project success,10
All products,Phocas,Project length,8.366666667
All products,Phocas,Business value,9.727777778
All products,Phocas,Price-to-value,9.940025859
All products,Phocas,Recommendation,10
All products,Phocas,Vendor support,9.42367531
All products,Phocas,Implementer support,9.285169
All products,Phocas,Product satisfaction,9.769482289
All products,Phocas,Customer satisfaction,9.676822826
All products,Phocas,Self-service,9.284957627
All products,Phocas,Flexibility for users,5.357969333
All products,Phocas,Ease of use,7.702096964
All products,Phocas,Sales experience,9.548487581
All products,Phocas,Data volume,1.486060363
All products,Phocas,Query performance,6.086658082
All products,Phocas,Performance satisfaction,8.904665314
All products,Phocas,Customer experience,7.167869253
All products,Phocas,Cloud BI,5.35483871
All products,Phocas,Mobile BI,9.162790698
All products,Phocas,Operational BI,4.802139037
All products,Phocas,Visual design standards,1
All products,Phocas,Location intelligence,3.732142857
All products,Phocas,Visual analysis,6.925377834
All products,Phocas,Embedded BI,6.90625
All products,Phocas,Innovation,5.411934162
All products,Phocas,Considered for purchase,1.197802198
All products,Phocas,Competitive win rate,6.948521476
All products,Phocas,Competitiveness,4.648233765
All products,prevero (MIK),Business benefits,5.275402527
All products,prevero (MIK),Project success,7.859918292
All products,prevero (MIK),Project length,4.255172414
All products,prevero (MIK),Business value,5.96686943
All products,prevero (MIK),Price-to-value,7.051574325
All products,prevero (MIK),Recommendation,4.540258449
All products,prevero (MIK),Vendor support,7.270245894
All products,prevero (MIK),Implementer support,6.474806029
All products,prevero (MIK),Product satisfaction,4.372655874
All products,prevero (MIK),Customer satisfaction,5.869512135
All products,prevero (MIK),Self-service,8.523783488
All products,prevero (MIK),Flexibility for users,8.650705499
All products,prevero (MIK),Ease of use,3.980801746
All products,prevero (MIK),Sales experience,7.427412083
All products,prevero (MIK),Data volume,1.049101557
All products,prevero (MIK),Query performance,5.149732706
All products,prevero (MIK),Performance satisfaction,5.743842365
All products,prevero (MIK),Customer experience,6.410623874
All products,prevero (MIK),Cloud BI,1.505035971
All products,prevero (MIK),Mobile BI,1.867109635
All products,prevero (MIK),Operational BI,1
All products,prevero (MIK),Visual design standards,6.052413793
All products,prevero (MIK),Location intelligence,2.53
All products,prevero (MIK),Visual analysis,6.010075567
All products,prevero (MIK),Embedded BI,3.916666667
All products,prevero (MIK),Innovation,3.268757376
All products,prevero (prevero),Business benefits,9.870820835
All products,prevero (prevero),Project success,8.256831946
All products,prevero (prevero),Project length,2.21025641
All products,prevero (prevero),Business value,8.056063801
All products,prevero (prevero),Price-to-value,7.884360492
All products,prevero (prevero),Recommendation,6.831768013
All products,prevero (prevero),Vendor support,8.054904171
All products,prevero (prevero),Implementer support,7.916436279
All products,prevero (prevero),Product satisfaction,3.929700272
All products,prevero (prevero),Customer satisfaction,6.998545229
All products,prevero (prevero),Self-service,6.843950906
All products,prevero (prevero),Flexibility for users,10
All products,prevero (prevero),Ease of use,5.630449343
All products,prevero (prevero),Sales experience,7.792605951
All products,prevero (prevero),Data volume,1.576154963
All products,prevero (prevero),Query performance,4.716078391
All products,prevero (prevero),Performance satisfaction,4.014778325
All products,prevero (prevero),Customer experience,6.330230411
All products,prevero (prevero),Cloud BI,4.376156218
All products,prevero (prevero),Mobile BI,1.685645549
All products,prevero (prevero),Operational BI,5.575630252
All products,prevero (prevero),Visual design standards,5.281428571
All products,prevero (prevero),Location intelligence,1.546428571
All products,prevero (prevero),Visual analysis,1.847858942
All products,prevero (prevero),Embedded BI,4.474264706
All products,prevero (prevero),Innovation,3.541058973
All products,prevero (prevero),Considered for purchase,2.186813187
All products,prevero (prevero),Competitive win rate,2.933628319
All products,prevero (prevero),Competitiveness,2.634902266
All products,Pyramid Analytics,Business benefits,8.479267056
All products,Pyramid Analytics,Project success,8.885737956
All products,Pyramid Analytics,Project length,8.515151515
All products,Pyramid Analytics,Business value,8.620738099
All products,Pyramid Analytics,Price-to-value,9.793422405
All products,Pyramid Analytics,Recommendation,7.286282306
All products,Pyramid Analytics,Vendor support,8.919391206
All products,Pyramid Analytics,Implementer support,8.090519932
All products,Pyramid Analytics,Product satisfaction,7.464305177
All products,Pyramid Analytics,Customer satisfaction,8.207053691
All products,Pyramid Analytics,Self-service,8.76059322
All products,Pyramid Analytics,Flexibility for users,4.315180742
All products,Pyramid Analytics,Ease of use,7.02245281
All products,Pyramid Analytics,Sales experience,9.707844905
All products,Pyramid Analytics,Data volume,4.068772211
All products,Pyramid Analytics,Query performance,10
All products,Pyramid Analytics,Performance satisfaction,9.452332657
All products,Pyramid Analytics,Customer experience,7.568107853
All products,Pyramid Analytics,Cloud BI,3.044193217
All products,Pyramid Analytics,Mobile BI,5.534883721
All products,Pyramid Analytics,Operational BI,6.369747899
All products,Pyramid Analytics,Visual design standards,5.995
All products,Pyramid Analytics,Location intelligence,10
All products,Pyramid Analytics,Visual analysis,10
All products,Pyramid Analytics,Embedded BI,9.352272727
All products,Pyramid Analytics,Innovation,7.185156795
All products,Pyramid Analytics,Considered for purchase,2.31043956
All products,Pyramid Analytics,Competitive win rate,3.87642225
All products,Pyramid Analytics,Competitiveness,3.250029174
All products,Qlik Sense,Business benefits,9.543962532
All products,Qlik Sense,Project success,7.37694471
All products,Qlik Sense,Project length,6.733333333
All products,Qlik Sense,Business value,8.353185058
All products,Qlik Sense,Price-to-value,8.074401703
All products,Qlik Sense,Recommendation,8.150604569
All products,Qlik Sense,Vendor support,6.867476577
All products,Qlik Sense,Implementer support,6.464644306
All products,Qlik Sense,Product satisfaction,6.542234332
All products,Qlik Sense,Customer satisfaction,7.234497654
All products,Qlik Sense,Self-service,8.145821157
All products,Qlik Sense,Flexibility for users,6.621776265
All products,Qlik Sense,Ease of use,5.790214979
All products,Qlik Sense,Sales experience,7.806518099
All products,Qlik Sense,Data volume,1.179738726
All products,Qlik Sense,Query performance,6.925338087
All products,Qlik Sense,Performance satisfaction,9.673321234
All products,Qlik Sense,Customer experience,7.004771264
All products,Qlik Sense,Cloud BI,4.9765169
All products,Qlik Sense,Mobile BI,7.364849409
All products,Qlik Sense,Operational BI,4.777666999
All products,Qlik Sense,Visual design standards,5.349387755
All products,Qlik Sense,Location intelligence,5.927118644
All products,Qlik Sense,Visual analysis,8.5706357
All products,Qlik Sense,Embedded BI,8.0875
All products,Qlik Sense,Innovation,6.436239344
All products,Qlik Sense,Considered for purchase,9.010989011
All products,Qlik Sense,Competitive win rate,3.142355813
All products,Qlik Sense,Competitiveness,5.489809092
All products,QlikView,Business benefits,9.294466809
All products,QlikView,Project success,7.151544347
All products,QlikView,Project length,7.017391304
All products,QlikView,Business value,8.200646738
All products,QlikView,Price-to-value,7.333186069
All products,QlikView,Recommendation,7.146653974
All products,QlikView,Vendor support,6.93524534
All products,QlikView,Implementer support,6.296681148
All products,QlikView,Product satisfaction,5.062067976
All products,QlikView,Customer satisfaction,6.582583678
All products,QlikView,Self-service,6.251134988
All products,QlikView,Flexibility for users,6.996817879
All products,QlikView,Ease of use,5.994831681
All products,QlikView,Sales experience,6.304494329
All products,QlikView,Data volume,2.731003918
All products,QlikView,Query performance,6.581727218
All products,QlikView,Performance satisfaction,8.503694581
All products,QlikView,Customer experience,6.495704558
All products,QlikView,Cloud BI,3.4051588
All products,QlikView,Mobile BI,5.629483642
All products,QlikView,Operational BI,6.426470588
All products,QlikView,Visual design standards,5.483317073
All products,QlikView,Location intelligence,5.59
All products,QlikView,Visual analysis,8.640008396
All products,QlikView,Embedded BI,6.275119617
All products,QlikView,Innovation,5.921365445
All products,QlikView,Considered for purchase,10
All products,QlikView,Competitive win rate,2.961836283
All products,QlikView,Competitiveness,5.77710177
All products,SAP BEx,Business benefits,1
All products,SAP BEx,Project success,1
All products,SAP BEx,Project length,1
All products,SAP BEx,Business value,1
All products,SAP BEx,Price-to-value,3.295618051
All products,SAP BEx,Recommendation,1
All products,SAP BEx,Vendor support,4.659059985
All products,SAP BEx,Implementer support,4.206278427
All products,SAP BEx,Product satisfaction,1.113914037
All products,SAP BEx,Customer satisfaction,2.813001619
All products,SAP BEx,Self-service,4.270722987
All products,SAP BEx,Flexibility for users,1.17855679
All products,SAP BEx,Ease of use,1
All products,SAP BEx,Sales experience,3.238091504
All products,SAP BEx,Data volume,9.324290505
All products,SAP BEx,Query performance,3.971577975
All products,SAP BEx,Performance satisfaction,1
All products,SAP BEx,Customer experience,2.918098378
All products,SAP BEx,Cloud BI,2.080965736
All products,SAP BEx,Mobile BI,2.01431127
All products,SAP BEx,Operational BI,2.007590133
All products,SAP BEx,Visual design standards,4.05704918
All products,SAP BEx,Location intelligence,1.987096774
All products,SAP BEx,Visual analysis,2.71673918
All products,SAP BEx,Embedded BI,4.786057692
All products,SAP BEx,Innovation,2.807115709
All products,SAP BEx,Considered for purchase,8.887362637
All products,SAP BEx,Competitive win rate,5.84663808
All products,SAP BEx,Competitiveness,7.062927903
All products,SAP BO Analysis,Business benefits,2.878518894
All products,SAP BO Analysis,Project success,4.184297731
All products,SAP BO Analysis,Project length,5.8
All products,SAP BO Analysis,Business value,3.800692024
All products,SAP BO Analysis,Price-to-value,6.547203054
All products,SAP BO Analysis,Recommendation,3.312624254
All products,SAP BO Analysis,Vendor support,4.033052132
All products,SAP BO Analysis,Implementer support,5.194824884
All products,SAP BO Analysis,Product satisfaction,2.892370572
All products,SAP BO Analysis,Customer satisfaction,4.372299911
All products,SAP BO Analysis,Self-service,7.341724826
All products,SAP BO Analysis,Flexibility for users,1.288540652
All products,SAP BO Analysis,Ease of use,3.646380733
All products,SAP BO Analysis,Sales experience,5.249774572
All products,SAP BO Analysis,Data volume,7.325316582
All products,SAP BO Analysis,Query performance,6.788183482
All products,SAP BO Analysis,Performance satisfaction,7.261663286
All products,SAP BO Analysis,Customer experience,5.275595899
All products,SAP BO Analysis,Cloud BI,1.971223022
All products,SAP BO Analysis,Mobile BI,2.415868673
All products,SAP BO Analysis,Operational BI,3.448529412
All products,SAP BO Analysis,Visual design standards,3.22
All products,SAP BO Analysis,Location intelligence,1.493548387
All products,SAP BO Analysis,Visual analysis,1
All products,SAP BO Analysis,Embedded BI,3.8125
All products,SAP BO Analysis,Innovation,2.480238499
All products,SAP BO Analysis,Considered for purchase,8.269230769
All products,SAP BO Analysis,Competitive win rate,4.2373645
All products,SAP BO Analysis,Competitiveness,5.850111007
All products,SAP BO Design St.,Business benefits,1.561786711
All products,SAP BO Design St.,Project success,3.886056589
All products,SAP BO Design St.,Project length,4.12
All products,SAP BO Design St.,Business value,2.762912218
All products,SAP BO Design St.,Price-to-value,5.661870504
All products,SAP BO Design St.,Recommendation,3.894135189
All products,SAP BO Design St.,Vendor support,4.677471981
All products,SAP BO Design St.,Implementer support,6.806652992
All products,SAP BO Design St.,Product satisfaction,1.577237476
All products,SAP BO Design St.,Customer satisfaction,4.661293705
All products,SAP BO Design St.,Self-service,4.279661017
All products,SAP BO Design St.,Flexibility for users,4.775007745
All products,SAP BO Design St.,Ease of use,5.359286324
All products,SAP BO Design St.,Sales experience,4.838593327
All products,SAP BO Design St.,Data volume,9.099054007
All products,SAP BO Design St.,Query performance,4.160823586
All products,SAP BO Design St.,Performance satisfaction,6.05015674
All products,SAP BO Design St.,Customer experience,5.160156208
All products,SAP BO Design St.,Cloud BI,3.26618705
All products,SAP BO Design St.,Mobile BI,7.340629275
All products,SAP BO Design St.,Operational BI,4.674740484
All products,SAP BO Design St.,Visual design standards,6.650909091
All products,SAP BO Design St.,Location intelligence,5.172727273
All products,SAP BO Design St.,Visual analysis,4.578625405
All products,SAP BO Design St.,Embedded BI,2.640625
All products,SAP BO Design St.,Innovation,4.90349194
All products,SAP BO Design St.,Considered for purchase,5.92032967
All products,SAP BO Design St.,Competitive win rate,5.7461786
All products,SAP BO Design St.,Competitiveness,5.815839028
All products,SAP BO WebI,Business benefits,2.35631599
All products,SAP BO WebI,Project success,1.884701558
All products,SAP BO WebI,Project length,2.636158192
All products,SAP BO WebI,Business value,2.245751546
All products,SAP BO WebI,Price-to-value,1
All products,SAP BO WebI,Recommendation,2.386797635
All products,SAP BO WebI,Vendor support,1
All products,SAP BO WebI,Implementer support,1
All products,SAP BO WebI,Product satisfaction,1.900729067
All products,SAP BO WebI,Customer satisfaction,1.49682092
All products,SAP BO WebI,Self-service,7.449682203
All products,SAP BO WebI,Flexibility for users,1
All products,SAP BO WebI,Ease of use,5.242691493
All products,SAP BO WebI,Sales experience,1
All products,SAP BO WebI,Data volume,8.64858101
All products,SAP BO WebI,Query performance,1
All products,SAP BO WebI,Performance satisfaction,4.64336325
All products,SAP BO WebI,Customer experience,4.054981222
All products,SAP BO WebI,Cloud BI,2.402877698
All products,SAP BO WebI,Mobile BI,2.376988984
All products,SAP BO WebI,Operational BI,5.836248013
All products,SAP BO WebI,Visual design standards,4.088695652
All products,SAP BO WebI,Location intelligence,3.125
All products,SAP BO WebI,Visual analysis,3.318271653
All products,SAP BO WebI,Embedded BI,5.306640625
All products,SAP BO WebI,Innovation,3.779246089
All products,SAP BO WebI,Considered for purchase,8.64010989
All products,SAP BO WebI,Competitive win rate,5.676193661
All products,SAP BO WebI,Competitiveness,6.861760153
All products,SAS Enterprise BI,Business benefits,4.170523713
All products,SAS Enterprise BI,Project success,1.280588835
All products,SAS Enterprise BI,Project length,2.263157895
All products,SAS Enterprise BI,Business value,2.889317784
All products,SAS Enterprise BI,Price-to-value,3.182939363
All products,SAS Enterprise BI,Recommendation,4.540258449
All products,SAS Enterprise BI,Vendor support,6.887846674
All products,SAS Enterprise BI,Implementer support,4.592866539
All products,SAS Enterprise BI,Product satisfaction,3.545504087
All products,SAS Enterprise BI,Customer satisfaction,4.552662934
All products,SAS Enterprise BI,Self-service,7.515227754
All products,SAS Enterprise BI,Flexibility for users,6.401017477
All products,SAS Enterprise BI,Ease of use,2.335086071
All products,SAS Enterprise BI,Sales experience,4.643823264
All products,SAS Enterprise BI,Data volume,10
All products,SAS Enterprise BI,Query performance,3.191794856
All products,SAS Enterprise BI,Performance satisfaction,7.261663286
All products,SAS Enterprise BI,Customer experience,5.854974813
All products,SAS Enterprise BI,Cloud BI,2.681364586
All products,SAS Enterprise BI,Mobile BI,2.279069767
All products,SAS Enterprise BI,Operational BI,1.959558824
All products,SAS Enterprise BI,Visual design standards,4.453333333
All products,SAS Enterprise BI,Location intelligence,5.08
All products,SAS Enterprise BI,Visual analysis,5.23929471
All products,SAS Enterprise BI,Embedded BI,5.1015625
All products,SAS Enterprise BI,Innovation,3.827740531
All products,SAS Enterprise BI,Considered for purchase,4.313186813
All products,SAS Enterprise BI,Competitive win rate,3.870862012
All products,SAS Enterprise BI,Competitiveness,4.047791933
All products,Sisense,Business benefits,7.815532523
All products,Sisense,Project success,7.221648309
All products,Sisense,Project length,8.548148148
All products,Sisense,Business value,7.739673722
All products,Sisense,Price-to-value,7.609602114
All products,Sisense,Recommendation,6.419116878
All products,Sisense,Vendor support,8.796727505
All products,Sisense,Implementer support,6.621689111
All products,Sisense,Product satisfaction,4.508254528
All products,Sisense,Customer satisfaction,6.745965522
All products,Sisense,Self-service,4.010468594
All products,Sisense,Flexibility for users,7.50000466
All products,Sisense,Ease of use,7.485731191
All products,Sisense,Sales experience,8.590034108
All products,Sisense,Data volume,2.052369273
All products,Sisense,Query performance,3.621679797
All products,Sisense,Performance satisfaction,6.379310345
All products,Sisense,Customer experience,5.724804701
All products,Sisense,Cloud BI,7.188078109
All products,Sisense,Mobile BI,4.359853121
All products,Sisense,Operational BI,6.647058824
All products,Sisense,Visual design standards,3.296551724
All products,Sisense,Location intelligence,4.825
All products,Sisense,Visual analysis,7.530805365
All products,Sisense,Embedded BI,8.3125
All products,Sisense,Innovation,6.022835306
All products,Sisense,Considered for purchase,2.384615385
All products,Sisense,Competitive win rate,3.105548374
All products,Sisense,Competitiveness,2.817175178
All products,Tableau,Business benefits,5.023865077
All products,Tableau,Project success,5.204282437
All products,Tableau,Project length,7.694117647
All products,Tableau,Business value,5.529046292
All products,Tableau,Price-to-value,6.564909705
All products,Tableau,Recommendation,6.36361829
All products,Tableau,Vendor support,6.758173619
All products,Tableau,Implementer support,5.932858105
All products,Tableau,Product satisfaction,3.691094221
All products,Tableau,Customer satisfaction,5.909815356
All products,Tableau,Self-service,6.183716707
All products,Tableau,Flexibility for users,4.061401356
All products,Tableau,Ease of use,7.142098841
All products,Tableau,Sales experience,6.250676285
All products,Tableau,Data volume,2.116722559
All products,Tableau,Query performance,3.744305624
All products,Tableau,Performance satisfaction,6.942871848
All products,Tableau,Customer experience,5.340093261
All products,Tableau,Cloud BI,3.768710405
All products,Tableau,Mobile BI,4.418604651
All products,Tableau,Operational BI,3.87394958
All products,Tableau,Visual design standards,6.585806452
All products,Tableau,Location intelligence,6.884615385
All products,Tableau,Visual analysis,8.916561713
All products,Tableau,Embedded BI,4.9375
All products,Tableau,Innovation,5.626535455
All products,Tableau,Considered for purchase,9.876373626
All products,Tableau,Competitive win rate,1.939899408
All products,Tableau,Competitiveness,5.114489095
All products,TARGIT,Business benefits,8.794540959
All products,TARGIT,Project success,7.803860682
All products,TARGIT,Project length,8.185185185
All products,TARGIT,Business value,8.362754904
All products,TARGIT,Price-to-value,8.231494247
All products,TARGIT,Recommendation,7.660740105
All products,TARGIT,Vendor support,8.743478147
All products,TARGIT,Implementer support,8.158312124
All products,TARGIT,Product satisfaction,9.308446866
All products,TARGIT,Customer satisfaction,8.335332934
All products,TARGIT,Self-service,7.85819866
All products,TARGIT,Flexibility for users,4.571633302
All products,TARGIT,Ease of use,6.483753663
All products,TARGIT,Sales experience,8.11852119
All products,TARGIT,Data volume,3.596848119
All products,TARGIT,Query performance,6.429125755
All products,TARGIT,Performance satisfaction,9.133921411
All products,TARGIT,Customer experience,6.649890489
All products,TARGIT,Cloud BI,2.857251041
All products,TARGIT,Mobile BI,6.803382664
All products,TARGIT,Operational BI,6.142857143
All products,TARGIT,Visual design standards,3.59
All products,TARGIT,Location intelligence,4.221052632
All products,TARGIT,Visual analysis,8.845448003
All products,TARGIT,Embedded BI,9.289473684
All products,TARGIT,Innovation,5.96420931
All products,TARGIT,Considered for purchase,1.766483516
All products,TARGIT,Competitive win rate,5.415854207
All products,TARGIT,Competitiveness,3.956105931
All products,TIBCO Spotfire,Business benefits,2.897751289
All products,TIBCO Spotfire,Project success,4.261619509
All products,TIBCO Spotfire,Project length,5.177777778
All products,TIBCO Spotfire,Business value,3.732378444
All products,TIBCO Spotfire,Price-to-value,3.554779034
All products,TIBCO Spotfire,Recommendation,5.821736249
All products,TIBCO Spotfire,Vendor support,5.833172492
All products,TIBCO Spotfire,Implementer support,4.124676715
All products,TIBCO Spotfire,Product satisfaction,5.075303443
All products,TIBCO Spotfire,Customer satisfaction,4.897145736
All products,TIBCO Spotfire,Self-service,9.50968523
All products,TIBCO Spotfire,Flexibility for users,8.730585295
All products,TIBCO Spotfire,Ease of use,5.794852163
All products,TIBCO Spotfire,Sales experience,4.010820559
All products,TIBCO Spotfire,Data volume,8.873817508
All products,TIBCO Spotfire,Query performance,5.769411277
All products,TIBCO Spotfire,Performance satisfaction,9.283819629
All products,TIBCO Spotfire,Customer experience,7.80725827
All products,TIBCO Spotfire,Cloud BI,5.385219097
All products,TIBCO Spotfire,Mobile BI,3.972093023
All products,TIBCO Spotfire,Operational BI,8.066496164
All products,TIBCO Spotfire,Visual design standards,4.996
All products,TIBCO Spotfire,Location intelligence,8.317391304
All products,TIBCO Spotfire,Visual analysis,7.423173804
All products,TIBCO Spotfire,Embedded BI,1
All products,TIBCO Spotfire,Innovation,5.594339056
All products,TIBCO Spotfire,Considered for purchase,3.744505495
All products,TIBCO Spotfire,Competitive win rate,1.721849252
All products,TIBCO Spotfire,Competitiveness,2.530911749
All products,Yellowfin,Business benefits,8.017244038
All products,Yellowfin,Project success,9.709819429
All products,Yellowfin,Project length,10
All products,Yellowfin,Business value,8.911895162
All products,Yellowfin,Price-to-value,9.690133607
All products,Yellowfin,Recommendation,7.909703939
All products,Yellowfin,Vendor support,8.551400104
All products,Yellowfin,Implementer support,6.301559316
All products,Yellowfin,Product satisfaction,3.776021798
All products,Yellowfin,Customer satisfaction,7.222408399
All products,Yellowfin,Self-service,10
All products,Yellowfin,Flexibility for users,3.734645067
All products,Yellowfin,Ease of use,8.367798398
All products,Yellowfin,Sales experience,8.505351472
All products,Yellowfin,Data volume,2.387006357
All products,Yellowfin,Query performance,4.435824495
All products,Yellowfin,Performance satisfaction,3.793103448
All products,Yellowfin,Customer experience,6.092124694
All products,Yellowfin,Cloud BI,5.699149771
All products,Yellowfin,Mobile BI,8.099308611
All products,Yellowfin,Operational BI,9.523529412
All products,Yellowfin,Visual design standards,2.718709677
All products,Yellowfin,Location intelligence,5.441935484
All products,Yellowfin,Visual analysis,6.699106938
All products,Yellowfin,Embedded BI,7.5625
All products,Yellowfin,Innovation,6.534891413
All products,Yellowfin,Considered for purchase,2.285714286
All products,Yellowfin,Competitive win rate,3.146738012
All products,Yellowfin,Competitiveness,2.802328521
All products,Zoho Reports,Business benefits,7.484402739
All products,Zoho Reports,Project success,7.153453989
All products,Zoho Reports,Project length,9.916239316
All products,Zoho Reports,Business value,7.779392585
All products,Zoho Reports,Price-to-value,8.412879453
All products,Zoho Reports,Recommendation,7.211390746
All products,Zoho Reports,Vendor support,7.190417136
All products,Zoho Reports,Implementer support,5.529246187
All products,Zoho Reports,Product satisfaction,7.502724796
All products,Zoho Reports,Customer satisfaction,7.036162798
All products,Zoho Reports,Self-service,3.075379126
All products,Zoho Reports,Flexibility for users,5.418881594
All products,Zoho Reports,Ease of use,6.189311514
All products,Zoho Reports,Sales experience,6.359056401
All products,Zoho Reports,Data volume,1
All products,Zoho Reports,Query performance,4.433260359
All products,Zoho Reports,Performance satisfaction,10
All products,Zoho Reports,Customer experience,5.291927308
All products,Zoho Reports,Cloud BI,8.516041221
All products,Zoho Reports,Mobile BI,3.629041407
All products,Zoho Reports,Operational BI,4.950226244
All products,Zoho Reports,Visual design standards,1.391764706
All products,Zoho Reports,Location intelligence,1
All products,Zoho Reports,Visual analysis,6.060784834
All products,Zoho Reports,Embedded BI,9.203125
All products,Zoho Reports,Innovation,4.964426202
All products,Zoho Reports,Considered for purchase,1.89010989
All products,Zoho Reports,Competitive win rate,4.85932543
All products,Zoho Reports,Competitiveness,3.671639214
All products,Peer Group Average,Business benefits,6.224609688
All products,Peer Group Average,Project success,6.250583293
All products,Peer Group Average,Project length,5.915081165
All products,Peer Group Average,Business value,6.181679469
All products,Peer Group Average,Price-to-value,7.460090007
All products,Peer Group Average,Recommendation,6.18117083
All products,Peer Group Average,Vendor support,6.990904171
All products,Peer Group Average,Implementer support,6.630044692
All products,Peer Group Average,Product satisfaction,5.246860919
All products,Peer Group Average,Customer satisfaction,6.48577973
All products,Peer Group Average,Self-service,6.468152464
All products,Peer Group Average,Flexibility for users,5.676126466
All products,Peer Group Average,Ease of use,5.800613119
All products,Peer Group Average,Sales experience,6.864174995
All products,Peer Group Average,Data volume,3.860350376
All products,Peer Group Average,Query performance,5.24359366
All products,Peer Group Average,Performance satisfaction,7.350480393
All products,Peer Group Average,Customer experience,5.996195465
All products,Peer Group Average,Cloud BI,4.011084022
All products,Peer Group Average,Mobile BI,4.420734844
All products,Peer Group Average,Operational BI,5.526051123
All products,Peer Group Average,Visual design standards,4.460758082
All products,Peer Group Average,Location intelligence,3.996701135
All products,Peer Group Average,Visual analysis,6.149798122
All products,Peer Group Average,Embedded BI,5.453674583
All products,Peer Group Average,Innovation,4.859828844
All products,Peer Group Average,Considered for purchase,4.522447065
All products,Peer Group Average,Competitive win rate,4.464140644
All products,Peer Group Average,Competitiveness,4.487463212
Americas-focused vendors,BOARD,Business benefits,6.748351509
Americas-focused vendors,BOARD,Project success,6.371399439
Americas-focused vendors,BOARD,Project length,4.827777778
Americas-focused vendors,BOARD,Business value,6.302605197
Americas-focused vendors,BOARD,Price-to-value,7.545858171
Americas-focused vendors,BOARD,Recommendation,6.89860835
Americas-focused vendors,BOARD,Vendor support,7.344789821
Americas-focused vendors,BOARD,Implementer support,7.768465174
Americas-focused vendors,BOARD,Product satisfaction,4.76096111
Americas-focused vendors,BOARD,Customer satisfaction,6.942036565
Americas-focused vendors,BOARD,Self-service,6.925317797
Americas-focused vendors,BOARD,Flexibility for users,8.696748554
Americas-focused vendors,BOARD,Ease of use,6.745032043
Americas-focused vendors,BOARD,Sales experience,6.231740307
Americas-focused vendors,BOARD,Data volume,1.215776565
Americas-focused vendors,BOARD,Query performance,4.810351068
Americas-focused vendors,BOARD,Performance satisfaction,5.819845179
Americas-focused vendors,BOARD,Customer experience,6.361726608
Americas-focused vendors,BOARD,Cloud BI,2.559843035
Americas-focused vendors,BOARD,Mobile BI,2.58002736
Americas-focused vendors,BOARD,Operational BI,5.656662665
Americas-focused vendors,BOARD,Visual design standards,5.1625
Americas-focused vendors,BOARD,Location intelligence,2.627659574
Americas-focused vendors,BOARD,Visual analysis,7.250027379
Americas-focused vendors,BOARD,Embedded BI,1.894886364
Americas-focused vendors,BOARD,Innovation,3.961658054
Americas-focused vendors,BOARD,Considered for purchase,4.263736264
Americas-focused vendors,BOARD,Competitive win rate,1.843941457
Americas-focused vendors,BOARD,Competitiveness,2.81185938
Americas-focused vendors,CALUMO,Business benefits,7.95166583
Americas-focused vendors,CALUMO,Project success,5.645070672
Americas-focused vendors,CALUMO,Project length,6.37037037
Americas-focused vendors,CALUMO,Business value,6.919251534
Americas-focused vendors,CALUMO,Price-to-value,9.535200411
Americas-focused vendors,CALUMO,Recommendation,7.151783178
Americas-focused vendors,CALUMO,Vendor support,8.394524078
Americas-focused vendors,CALUMO,Implementer support,8.684438482
Americas-focused vendors,CALUMO,Product satisfaction,8.463215259
Americas-focused vendors,CALUMO,Customer satisfaction,8.357878706
Americas-focused vendors,CALUMO,Self-service,5.852754237
Americas-focused vendors,CALUMO,Flexibility for users,4.553087879
Americas-focused vendors,CALUMO,Ease of use,5.936537914
Americas-focused vendors,CALUMO,Sales experience,8.076645627
Americas-focused vendors,CALUMO,Data volume,2.454577306
Americas-focused vendors,CALUMO,Query performance,5.100579076
Americas-focused vendors,CALUMO,Performance satisfaction,7.976011994
Americas-focused vendors,CALUMO,Customer experience,5.698214803
Americas-focused vendors,CALUMO,Cloud BI,9.585611511
Americas-focused vendors,CALUMO,Mobile BI,6.446131941
Americas-focused vendors,CALUMO,Operational BI,7.857729138
Americas-focused vendors,CALUMO,Visual design standards,2.289032258
Americas-focused vendors,CALUMO,Location intelligence,2.240540541
Americas-focused vendors,CALUMO,Visual analysis,5.100125945
Americas-focused vendors,CALUMO,Embedded BI,7.369485294
Americas-focused vendors,CALUMO,Innovation,5.841236661
Americas-focused vendors,CALUMO,Considered for purchase,1.346153846
Americas-focused vendors,CALUMO,Competitive win rate,9.309375747
Americas-focused vendors,CALUMO,Competitiveness,6.124086987
Americas-focused vendors,Chartio,Business benefits,7.785664469
Americas-focused vendors,Chartio,Project success,5.407086413
Americas-focused vendors,Chartio,Project length,10
Americas-focused vendors,Chartio,Business value,7.361861039
Americas-focused vendors,Chartio,Price-to-value,8.620594768
Americas-focused vendors,Chartio,Recommendation,6.874378728
Americas-focused vendors,Chartio,Vendor support,7.589914933
Americas-focused vendors,Chartio,Implementer support,7.156763196
Americas-focused vendors,Chartio,Product satisfaction,2.672829895
Americas-focused vendors,Chartio,Customer satisfaction,6.655008747
Americas-focused vendors,Chartio,Self-service,9.284957627
Americas-focused vendors,Chartio,Flexibility for users,5.585565933
Americas-focused vendors,Chartio,Ease of use,6.691202726
Americas-focused vendors,Chartio,Sales experience,8.125338142
Americas-focused vendors,Chartio,Data volume,2.309782414
Americas-focused vendors,Chartio,Query performance,2.027099746
Americas-focused vendors,Chartio,Performance satisfaction,5.470643057
Americas-focused vendors,Chartio,Customer experience,5.958898735
Americas-focused vendors,Chartio,Cloud BI,9.378417266
Americas-focused vendors,Chartio,Mobile BI,5.964221825
Americas-focused vendors,Chartio,Operational BI,9.092436975
Americas-focused vendors,Chartio,Visual design standards,3.296551724
Americas-focused vendors,Chartio,Location intelligence,4.165517241
Americas-focused vendors,Chartio,Visual analysis,8.418765743
Americas-focused vendors,Chartio,Embedded BI,6.537109375
Americas-focused vendors,Chartio,Innovation,6.693288593
Americas-focused vendors,Chartio,Considered for purchase,1.692307692
Americas-focused vendors,Chartio,Competitive win rate,4.829042639
Americas-focused vendors,Chartio,Competitiveness,3.57434866
Americas-focused vendors,Cyberscience,Business benefits,4.4279974
Americas-focused vendors,Cyberscience,Project success,6.99149248
Americas-focused vendors,Cyberscience,Project length,9.782222222
Americas-focused vendors,Cyberscience,Business value,6.174866564
Americas-focused vendors,Cyberscience,Price-to-value,8.620594768
Americas-focused vendors,Cyberscience,Recommendation,6.132952286
Americas-focused vendors,Cyberscience,Vendor support,8.492689272
Americas-focused vendors,Cyberscience,Implementer support,7.161583683
Americas-focused vendors,Cyberscience,Product satisfaction,7.799603666
Americas-focused vendors,Cyberscience,Customer satisfaction,7.475781943
Americas-focused vendors,Cyberscience,Self-service,5.374697337
Americas-focused vendors,Cyberscience,Flexibility for users,5.382682099
Americas-focused vendors,Cyberscience,Ease of use,7.166239132
Americas-focused vendors,Cyberscience,Sales experience,8.344454463
Americas-focused vendors,Cyberscience,Data volume,2.567195555
Americas-focused vendors,Cyberscience,Query performance,3.104518699
Americas-focused vendors,Cyberscience,Performance satisfaction,10
Americas-focused vendors,Cyberscience,Customer experience,5.980378856
Americas-focused vendors,Cyberscience,Cloud BI,1.390721905
Americas-focused vendors,Cyberscience,Mobile BI,2.812251843
Americas-focused vendors,Cyberscience,Operational BI,8.626391097
Americas-focused vendors,Cyberscience,Visual design standards,1.444
Americas-focused vendors,Cyberscience,Location intelligence,1
Americas-focused vendors,Cyberscience,Visual analysis,5.431989924
Americas-focused vendors,Cyberscience,Embedded BI,3.4609375
Americas-focused vendors,Cyberscience,Innovation,3.452327467
Americas-focused vendors,Cyberscience,Considered for purchase,1.197802198
Americas-focused vendors,Cyberscience,Competitive win rate,6.451667801
Americas-focused vendors,Cyberscience,Competitiveness,4.35012156
Americas-focused vendors,Dimensional Insight,Business benefits,8.429486966
Americas-focused vendors,Dimensional Insight,Project success,7.221648309
Americas-focused vendors,Dimensional Insight,Project length,6.733333333
Americas-focused vendors,Dimensional Insight,Business value,7.744181808
Americas-focused vendors,Dimensional Insight,Price-to-value,9.17368962
Americas-focused vendors,Dimensional Insight,Recommendation,9.020613163
Americas-focused vendors,Dimensional Insight,Vendor support,9.287382309
Americas-focused vendors,Dimensional Insight,Implementer support,9.118701507
Americas-focused vendors,Dimensional Insight,Product satisfaction,8.616893733
Americas-focused vendors,Dimensional Insight,Customer satisfaction,9.047822945
Americas-focused vendors,Dimensional Insight,Self-service,5.120887338
Americas-focused vendors,Dimensional Insight,Flexibility for users,6.625641522
Americas-focused vendors,Dimensional Insight,Ease of use,5.253681372
Americas-focused vendors,Dimensional Insight,Sales experience,9.483859333
Americas-focused vendors,Dimensional Insight,Data volume,4.369087542
Americas-focused vendors,Dimensional Insight,Query performance,6.336775559
Americas-focused vendors,Dimensional Insight,Performance satisfaction,7.98695247
Americas-focused vendors,Dimensional Insight,Customer experience,6.303382304
Americas-focused vendors,Dimensional Insight,Cloud BI,3.349733117
Americas-focused vendors,Dimensional Insight,Mobile BI,3.919216646
Americas-focused vendors,Dimensional Insight,Operational BI,5.323529412
Americas-focused vendors,Dimensional Insight,Visual design standards,3.378571429
Americas-focused vendors,Dimensional Insight,Location intelligence,4.346875
Americas-focused vendors,Dimensional Insight,Visual analysis,7.540302267
Americas-focused vendors,Dimensional Insight,Embedded BI,2.514423077
Americas-focused vendors,Dimensional Insight,Innovation,4.338950135
Americas-focused vendors,Dimensional Insight,Considered for purchase,1
Americas-focused vendors,Dimensional Insight,Competitive win rate,8.930678466
Americas-focused vendors,Dimensional Insight,Competitiveness,5.75840708
Americas-focused vendors,Domo,Business benefits,9.319997464
Americas-focused vendors,Domo,Project success,5.914096355
Americas-focused vendors,Domo,Project length,6.266666667
Americas-focused vendors,Domo,Business value,7.675808628
Americas-focused vendors,Domo,Price-to-value,8.672001175
Americas-focused vendors,Domo,Recommendation,8.463149673
Americas-focused vendors,Domo,Vendor support,7.928212106
Americas-focused vendors,Domo,Implementer support,6.621689111
Americas-focused vendors,Domo,Product satisfaction,3.948910082
Americas-focused vendors,Domo,Customer satisfaction,7.19606359
Americas-focused vendors,Domo,Self-service,8.19589309
Americas-focused vendors,Domo,Flexibility for users,4.372988865
Americas-focused vendors,Domo,Ease of use,8.112322929
Americas-focused vendors,Domo,Sales experience,9.383228133
Americas-focused vendors,Domo,Data volume,8.198108013
Americas-focused vendors,Domo,Query performance,7.757858231
Americas-focused vendors,Domo,Performance satisfaction,9.379310345
Americas-focused vendors,Domo,Customer experience,7.556211787
Americas-focused vendors,Domo,Cloud BI,10
Americas-focused vendors,Domo,Mobile BI,9.497674419
Americas-focused vendors,Domo,Operational BI,10
Americas-focused vendors,Domo,Visual design standards,3.804210526
Americas-focused vendors,Domo,Location intelligence,6.32173913
Americas-focused vendors,Domo,Visual analysis,8.648517729
Americas-focused vendors,Domo,Embedded BI,4.15
Americas-focused vendors,Domo,Innovation,7.488877401
Americas-focused vendors,Domo,Considered for purchase,2.706043956
Americas-focused vendors,Domo,Competitive win rate,1
Americas-focused vendors,Domo,Competitiveness,1.682417582
Americas-focused vendors,Dundas,Business benefits,5.290496721
Americas-focused vendors,Dundas,Project success,7.145406212
Americas-focused vendors,Dundas,Project length,6.944086022
Americas-focused vendors,Dundas,Business value,6.184398102
Americas-focused vendors,Dundas,Price-to-value,8.380698206
Americas-focused vendors,Dundas,Recommendation,5.497443908
Americas-focused vendors,Dundas,Vendor support,7.925231116
Americas-focused vendors,Dundas,Implementer support,8.286364042
Americas-focused vendors,Dundas,Product satisfaction,9.538964578
Americas-focused vendors,Dundas,Customer satisfaction,7.753434304
Americas-focused vendors,Dundas,Self-service,1.599273608
Americas-focused vendors,Dundas,Flexibility for users,8.382721669
Americas-focused vendors,Dundas,Ease of use,6.47012226
Americas-focused vendors,Dundas,Sales experience,8.874661858
Americas-focused vendors,Dundas,Data volume,1.550413649
Americas-focused vendors,Dundas,Query performance,4.716078391
Americas-focused vendors,Dundas,Performance satisfaction,10
Americas-focused vendors,Dundas,Customer experience,5.910247331
Americas-focused vendors,Dundas,Cloud BI,3.187704382
Americas-focused vendors,Dundas,Mobile BI,3.302325581
Americas-focused vendors,Dundas,Operational BI,7.731092437
Americas-focused vendors,Dundas,Visual design standards,4.632727273
Americas-focused vendors,Dundas,Location intelligence,2.8
Americas-focused vendors,Dundas,Visual analysis,8.750629723
Americas-focused vendors,Dundas,Embedded BI,8.734375
Americas-focused vendors,Dundas,Innovation,5.591264914
Americas-focused vendors,Dundas,Considered for purchase,2.087912088
Americas-focused vendors,Dundas,Competitive win rate,5.287610619
Americas-focused vendors,Dundas,Competitiveness,4.007731207
Americas-focused vendors,Entrinsik,Business benefits,5.152583802
Americas-focused vendors,Entrinsik,Project success,6.246275282
Americas-focused vendors,Entrinsik,Project length,6.422222222
Americas-focused vendors,Entrinsik,Business value,5.728754032
Americas-focused vendors,Entrinsik,Price-to-value,9.56486847
Americas-focused vendors,Entrinsik,Recommendation,7.343096593
Americas-focused vendors,Entrinsik,Vendor support,8.061223521
Americas-focused vendors,Entrinsik,Implementer support,6.444596033
Americas-focused vendors,Entrinsik,Product satisfaction,5.554301285
Americas-focused vendors,Entrinsik,Customer satisfaction,7.310322036
Americas-focused vendors,Entrinsik,Self-service,9.713983051
Americas-focused vendors,Entrinsik,Flexibility for users,5.091026367
Americas-focused vendors,Entrinsik,Ease of use,8.45376318
Americas-focused vendors,Entrinsik,Sales experience,9.967538323
Americas-focused vendors,Entrinsik,Data volume,1.639221182
Americas-focused vendors,Entrinsik,Query performance,1.168240259
Americas-focused vendors,Entrinsik,Performance satisfaction,7.931034483
Americas-focused vendors,Entrinsik,Customer experience,6.509133114
Americas-focused vendors,Entrinsik,Cloud BI,2.312003029
Americas-focused vendors,Entrinsik,Mobile BI,1.974338412
Americas-focused vendors,Entrinsik,Operational BI,9.841176471
Americas-focused vendors,Entrinsik,Visual design standards,2.776
Americas-focused vendors,Entrinsik,Location intelligence,1.987096774
Americas-focused vendors,Entrinsik,Visual analysis,6.239226632
Americas-focused vendors,Entrinsik,Embedded BI,10
Americas-focused vendors,Entrinsik,Innovation,5.01854876
Americas-focused vendors,Entrinsik,Considered for purchase,1.593406593
Americas-focused vendors,Entrinsik,Competitive win rate,10
Americas-focused vendors,Entrinsik,Competitiveness,6.637362637
Americas-focused vendors,Envision,Business benefits,5.365937262
Americas-focused vendors,Envision,Project success,6.896428116
Americas-focused vendors,Envision,Project length,9.246153846
Americas-focused vendors,Envision,Business value,6.522803644
Americas-focused vendors,Envision,Price-to-value,9.203200705
Americas-focused vendors,Envision,Recommendation,8.419017147
Americas-focused vendors,Envision,Vendor support,9.255580609
Americas-focused vendors,Envision,Implementer support,8.573376961
Americas-focused vendors,Envision,Product satisfaction,10
Americas-focused vendors,Envision,Customer satisfaction,8.991228746
Americas-focused vendors,Envision,Self-service,4.565677966
Americas-focused vendors,Envision,Flexibility for users,7.644719324
Americas-focused vendors,Envision,Ease of use,5.670420454
Americas-focused vendors,Envision,Sales experience,10
Americas-focused vendors,Envision,Data volume,1.231864887
Americas-focused vendors,Envision,Query performance,6.695804612
Americas-focused vendors,Envision,Performance satisfaction,10
Americas-focused vendors,Envision,Customer experience,6.613964778
Americas-focused vendors,Envision,Cloud BI,8.645268401
Americas-focused vendors,Envision,Mobile BI,4.139534884
Americas-focused vendors,Envision,Operational BI,6.352941176
Americas-focused vendors,Envision,Visual design standards,3.664
Americas-focused vendors,Envision,Location intelligence,4.966666667
Americas-focused vendors,Envision,Visual analysis,6.626700252
Americas-focused vendors,Envision,Embedded BI,8.5
Americas-focused vendors,Envision,Innovation,6.127873054
Americas-focused vendors,Envision,Considered for purchase,1.222527473
Americas-focused vendors,Envision,Competitive win rate,2.306918745
Americas-focused vendors,Envision,Competitiveness,1.873162236
Americas-focused vendors,Phocas,Business benefits,10
Americas-focused vendors,Phocas,Project success,10
Americas-focused vendors,Phocas,Project length,8.366666667
Americas-focused vendors,Phocas,Business value,9.727777778
Americas-focused vendors,Phocas,Price-to-value,9.940025859
Americas-focused vendors,Phocas,Recommendation,10
Americas-focused vendors,Phocas,Vendor support,9.42367531
Americas-focused vendors,Phocas,Implementer support,9.285169
Americas-focused vendors,Phocas,Product satisfaction,9.769482289
Americas-focused vendors,Phocas,Customer satisfaction,9.676822826
Americas-focused vendors,Phocas,Self-service,9.284957627
Americas-focused vendors,Phocas,Flexibility for users,5.357969333
Americas-focused vendors,Phocas,Ease of use,7.702096964
Americas-focused vendors,Phocas,Sales experience,9.548487581
Americas-focused vendors,Phocas,Data volume,1.486060363
Americas-focused vendors,Phocas,Query performance,6.086658082
Americas-focused vendors,Phocas,Performance satisfaction,8.904665314
Americas-focused vendors,Phocas,Customer experience,7.167869253
Americas-focused vendors,Phocas,Cloud BI,5.35483871
Americas-focused vendors,Phocas,Mobile BI,9.162790698
Americas-focused vendors,Phocas,Operational BI,4.802139037
Americas-focused vendors,Phocas,Visual design standards,1
Americas-focused vendors,Phocas,Location intelligence,3.732142857
Americas-focused vendors,Phocas,Visual analysis,6.925377834
Americas-focused vendors,Phocas,Embedded BI,6.90625
Americas-focused vendors,Phocas,Innovation,5.411934162
Americas-focused vendors,Phocas,Considered for purchase,1.197802198
Americas-focused vendors,Phocas,Competitive win rate,6.948521476
Americas-focused vendors,Phocas,Competitiveness,4.648233765
Americas-focused vendors,Pyramid Analytics,Business benefits,8.479267056
Americas-focused vendors,Pyramid Analytics,Project success,8.885737956
Americas-focused vendors,Pyramid Analytics,Project length,8.515151515
Americas-focused vendors,Pyramid Analytics,Business value,8.620738099
Americas-focused vendors,Pyramid Analytics,Price-to-value,9.793422405
Americas-focused vendors,Pyramid Analytics,Recommendation,7.286282306
Americas-focused vendors,Pyramid Analytics,Vendor support,8.919391206
Americas-focused vendors,Pyramid Analytics,Implementer support,8.090519932
Americas-focused vendors,Pyramid Analytics,Product satisfaction,7.464305177
Americas-focused vendors,Pyramid Analytics,Customer satisfaction,8.207053691
Americas-focused vendors,Pyramid Analytics,Self-service,8.76059322
Americas-focused vendors,Pyramid Analytics,Flexibility for users,4.315180742
Americas-focused vendors,Pyramid Analytics,Ease of use,7.02245281
Americas-focused vendors,Pyramid Analytics,Sales experience,9.707844905
Americas-focused vendors,Pyramid Analytics,Data volume,4.068772211
Americas-focused vendors,Pyramid Analytics,Query performance,10
Americas-focused vendors,Pyramid Analytics,Performance satisfaction,9.452332657
Americas-focused vendors,Pyramid Analytics,Customer experience,7.568107853
Americas-focused vendors,Pyramid Analytics,Cloud BI,3.044193217
Americas-focused vendors,Pyramid Analytics,Mobile BI,5.534883721
Americas-focused vendors,Pyramid Analytics,Operational BI,6.369747899
Americas-focused vendors,Pyramid Analytics,Visual design standards,5.995
Americas-focused vendors,Pyramid Analytics,Location intelligence,10
Americas-focused vendors,Pyramid Analytics,Visual analysis,10
Americas-focused vendors,Pyramid Analytics,Embedded BI,9.352272727
Americas-focused vendors,Pyramid Analytics,Innovation,7.185156795
Americas-focused vendors,Pyramid Analytics,Considered for purchase,2.31043956
Americas-focused vendors,Pyramid Analytics,Competitive win rate,3.87642225
Americas-focused vendors,Pyramid Analytics,Competitiveness,3.250029174
Americas-focused vendors,Sisense,Business benefits,7.815532523
Americas-focused vendors,Sisense,Project success,7.221648309
Americas-focused vendors,Sisense,Project length,8.548148148
Americas-focused vendors,Sisense,Business value,7.739673722
Americas-focused vendors,Sisense,Price-to-value,7.609602114
Americas-focused vendors,Sisense,Recommendation,6.419116878
Americas-focused vendors,Sisense,Vendor support,8.796727505
Americas-focused vendors,Sisense,Implementer support,6.621689111
Americas-focused vendors,Sisense,Product satisfaction,4.508254528
Americas-focused vendors,Sisense,Customer satisfaction,6.745965522
Americas-focused vendors,Sisense,Self-service,4.010468594
Americas-focused vendors,Sisense,Flexibility for users,7.50000466
Americas-focused vendors,Sisense,Ease of use,7.485731191
Americas-focused vendors,Sisense,Sales experience,8.590034108
Americas-focused vendors,Sisense,Data volume,2.052369273
Americas-focused vendors,Sisense,Query performance,3.621679797
Americas-focused vendors,Sisense,Performance satisfaction,6.379310345
Americas-focused vendors,Sisense,Customer experience,5.724804701
Americas-focused vendors,Sisense,Cloud BI,7.188078109
Americas-focused vendors,Sisense,Mobile BI,4.359853121
Americas-focused vendors,Sisense,Operational BI,6.647058824
Americas-focused vendors,Sisense,Visual design standards,3.296551724
Americas-focused vendors,Sisense,Location intelligence,4.825
Americas-focused vendors,Sisense,Visual analysis,7.530805365
Americas-focused vendors,Sisense,Embedded BI,8.3125
Americas-focused vendors,Sisense,Innovation,6.022835306
Americas-focused vendors,Sisense,Considered for purchase,2.384615385
Americas-focused vendors,Sisense,Competitive win rate,3.105548374
Americas-focused vendors,Sisense,Competitiveness,2.817175178
Americas-focused vendors,Yellowfin,Business benefits,8.017244038
Americas-focused vendors,Yellowfin,Project success,9.709819429
Americas-focused vendors,Yellowfin,Project length,10
Americas-focused vendors,Yellowfin,Business value,8.911895162
Americas-focused vendors,Yellowfin,Price-to-value,9.690133607
Americas-focused vendors,Yellowfin,Recommendation,7.909703939
Americas-focused vendors,Yellowfin,Vendor support,8.551400104
Americas-focused vendors,Yellowfin,Implementer support,6.301559316
Americas-focused vendors,Yellowfin,Product satisfaction,3.776021798
Americas-focused vendors,Yellowfin,Customer satisfaction,7.222408399
Americas-focused vendors,Yellowfin,Self-service,10
Americas-focused vendors,Yellowfin,Flexibility for users,3.734645067
Americas-focused vendors,Yellowfin,Ease of use,8.367798398
Americas-focused vendors,Yellowfin,Sales experience,8.505351472
Americas-focused vendors,Yellowfin,Data volume,2.387006357
Americas-focused vendors,Yellowfin,Query performance,4.435824495
Americas-focused vendors,Yellowfin,Performance satisfaction,3.793103448
Americas-focused vendors,Yellowfin,Customer experience,6.092124694
Americas-focused vendors,Yellowfin,Cloud BI,5.699149771
Americas-focused vendors,Yellowfin,Mobile BI,8.099308611
Americas-focused vendors,Yellowfin,Operational BI,9.523529412
Americas-focused vendors,Yellowfin,Visual design standards,2.718709677
Americas-focused vendors,Yellowfin,Location intelligence,5.441935484
Americas-focused vendors,Yellowfin,Visual analysis,6.699106938
Americas-focused vendors,Yellowfin,Embedded BI,7.5625
Americas-focused vendors,Yellowfin,Innovation,6.534891413
Americas-focused vendors,Yellowfin,Considered for purchase,2.285714286
Americas-focused vendors,Yellowfin,Competitive win rate,3.146738012
Americas-focused vendors,Yellowfin,Competitiveness,2.802328521
Americas-focused vendors,Zoho Reports,Business benefits,7.484402739
Americas-focused vendors,Zoho Reports,Project success,7.153453989
Americas-focused vendors,Zoho Reports,Project length,9.916239316
Americas-focused vendors,Zoho Reports,Business value,7.779392585
Americas-focused vendors,Zoho Reports,Price-to-value,8.412879453
Americas-focused vendors,Zoho Reports,Recommendation,7.211390746
Americas-focused vendors,Zoho Reports,Vendor support,7.190417136
Americas-focused vendors,Zoho Reports,Implementer support,5.529246187
Americas-focused vendors,Zoho Reports,Product satisfaction,7.502724796
Americas-focused vendors,Zoho Reports,Customer satisfaction,7.036162798
Americas-focused vendors,Zoho Reports,Self-service,3.075379126
Americas-focused vendors,Zoho Reports,Flexibility for users,5.418881594
Americas-focused vendors,Zoho Reports,Ease of use,6.189311514
Americas-focused vendors,Zoho Reports,Sales experience,6.359056401
Americas-focused vendors,Zoho Reports,Data volume,1
Americas-focused vendors,Zoho Reports,Query performance,4.433260359
Americas-focused vendors,Zoho Reports,Performance satisfaction,10
Americas-focused vendors,Zoho Reports,Customer experience,5.291927308
Americas-focused vendors,Zoho Reports,Cloud BI,8.516041221
Americas-focused vendors,Zoho Reports,Mobile BI,3.629041407
Americas-focused vendors,Zoho Reports,Operational BI,4.950226244
Americas-focused vendors,Zoho Reports,Visual design standards,1.391764706
Americas-focused vendors,Zoho Reports,Location intelligence,1
Americas-focused vendors,Zoho Reports,Visual analysis,6.060784834
Americas-focused vendors,Zoho Reports,Embedded BI,9.203125
Americas-focused vendors,Zoho Reports,Innovation,4.964426202
Americas-focused vendors,Zoho Reports,Considered for purchase,1.89010989
Americas-focused vendors,Zoho Reports,Competitive win rate,4.85932543
Americas-focused vendors,Zoho Reports,Competitiveness,3.671639214
Americas-focused vendors,Peer Group Average,Business benefits,7.304901984
Americas-focused vendors,Peer Group Average,Project success,7.200683069
Americas-focused vendors,Peer Group Average,Project length,7.995645579
Americas-focused vendors,Peer Group Average,Business value,7.385286278
Americas-focused vendors,Peer Group Average,Price-to-value,8.911626409
Americas-focused vendors,Peer Group Average,Recommendation,7.473395493
Americas-focused vendors,Peer Group Average,Vendor support,8.368654216
Americas-focused vendors,Peer Group Average,Implementer support,7.546011553
Americas-focused vendors,Peer Group Average,Product satisfaction,6.7411763
Americas-focused vendors,Peer Group Average,Customer satisfaction,7.758427915
Americas-focused vendors,Peer Group Average,Self-service,6.554631473
Americas-focused vendors,Peer Group Average,Flexibility for users,5.904418829
Americas-focused vendors,Peer Group Average,Ease of use,6.947622349
Americas-focused vendors,Peer Group Average,Sales experience,8.65701719
Americas-focused vendors,Peer Group Average,Data volume,2.609302523
Americas-focused vendors,Peer Group Average,Query performance,5.021052027
Americas-focused vendors,Peer Group Average,Performance satisfaction,8.078086378
Americas-focused vendors,Peer Group Average,Customer experience,6.33835658
Americas-focused vendors,Peer Group Average,Cloud BI,5.729400262
Americas-focused vendors,Peer Group Average,Mobile BI,5.101542891
Americas-focused vendors,Peer Group Average,Operational BI,7.341047199
Americas-focused vendors,Peer Group Average,Visual design standards,3.203544237
Americas-focused vendors,Peer Group Average,Location intelligence,3.961083805
Americas-focused vendors,Peer Group Average,Visual analysis,7.230168612
Americas-focused vendors,Peer Group Average,Embedded BI,6.749847453
Americas-focused vendors,Peer Group Average,Innovation,5.616662065
Americas-focused vendors,Peer Group Average,Considered for purchase,1.941326531
Americas-focused vendors,Peer Group Average,Competitive win rate,5.135413644
Americas-focused vendors,Peer Group Average,Competitiveness,3.857778799
